epoch,acc,loss,my_acc,val_acc,val_loss,val_my_acc
0,0.015875,5.19236188697815,0.0,0.01575,14.6263017578125,0.0
1,0.017,4.93811515045166,0.0,0.0155,4.91002356338501,0.0
